Country Name,Country Code,Time,Time Code,"Population"
Afghanistan,AFG,2004,YR2004,24726689
Afghanistan,AFG,2006,YR2006,26433058
Afghanistan,AFG,2007,YR2007,27100542
Afghanistan,AFG,2008,YR2008,27722281
Afghanistan,AFG,2009,YR2009,28394806
Afghanistan,AFG,2010,YR2010,29185511
Afghanistan,AFG,2011,YR2011,30117411
Albanie,ALB,2004,YR2004,3026939
Albanie,ALB,2006,YR2006,2992547
Albanie,ALB,2007,YR2007,2970017
Albanie,ALB,2008,YR2008,2947314
Albanie,ALB,2009,YR2009,2927519
Albanie,ALB,2010,YR2010,2913021
Albanie,ALB,2011,YR2011,2905195
Algérie,DZA,2004,YR2004,32692153
Algérie,DZA,2006,YR2006,33641007
Algérie,DZA,2007,YR2007,34166976
Algérie,DZA,2008,YR2008,34730604
Algérie,DZA,2009,YR2009,35333882
Algérie,DZA,2010,YR2010,35977451
Algérie,DZA,2011,YR2011,36661438
Samoa américaines,ASM,2004,YR2004,59684
Samoa américaines,ASM,2006,YR2006,59109
Samoa américaines,ASM,2007,YR2007,58367
Samoa américaines,ASM,2008,YR2008,57490
Samoa américaines,ASM,2009,YR2009,56675
Samoa américaines,ASM,2010,YR2010,56084
Samoa américaines,ASM,2011,YR2011,55755
Andorre,AND,2004,YR2004,76250
Andorre,AND,2006,YR2006,80995
Andorre,AND,2007,YR2007,82682
Andorre,AND,2008,YR2008,83860
Andorre,AND,2009,YR2009,84461
Andorre,AND,2010,YR2010,84454
Andorre,AND,2011,YR2011,83748
Angola,AGO,2004,YR2004,18758138
Angola,AGO,2006,YR2006,20149905
Angola,AGO,2007,YR2007,20905360
Angola,AGO,2008,YR2008,21695636
Angola,AGO,2009,YR2009,22514275
Angola,AGO,2010,YR2010,23356247
Angola,AGO,2011,YR2011,24220660
Antigua-et-Barbuda,ATG,2004,YR2004,80347
Antigua-et-Barbuda,ATG,2006,YR2006,82715
Antigua-et-Barbuda,ATG,2007,YR2007,84029
Antigua-et-Barbuda,ATG,2008,YR2008,85394
Antigua-et-Barbuda,ATG,2009,YR2009,86743
Antigua-et-Barbuda,ATG,2010,YR2010,88030
Antigua-et-Barbuda,ATG,2011,YR2011,89250
Argentine,ARG,2004,YR2004,38491970
Argentine,ARG,2006,YR2006,39289876
Argentine,ARG,2007,YR2007,39684303
Argentine,ARG,2008,YR2008,40080159
Argentine,ARG,2009,YR2009,40482786
Argentine,ARG,2010,YR2010,40788453
Argentine,ARG,2011,YR2011,41261490
Arménie,ARM,2004,YR2004,3000715
Arménie,ARM,2006,YR2006,2958301
Arménie,ARM,2007,YR2007,2932615
Arménie,ARM,2008,YR2008,2907615
Arménie,ARM,2009,YR2009,2888094
Arménie,ARM,2010,YR2010,2877314
Arménie,ARM,2011,YR2011,2876536
Aruba,ABW,2004,YR2004,98744
Aruba,ABW,2006,YR2006,100830
Aruba,ABW,2007,YR2007,101226
Aruba,ABW,2008,YR2008,101362
Aruba,ABW,2009,YR2009,101452
Aruba,ABW,2010,YR2010,101665
Aruba,ABW,2011,YR2011,102050
Australie,AUS,2004,YR2004,20127400
Australie,AUS,2006,YR2006,20697900
Australie,AUS,2007,YR2007,20827600
Australie,AUS,2008,YR2008,21249200
Australie,AUS,2009,YR2009,21691700
Australie,AUS,2010,YR2010,22031750
Australie,AUS,2011,YR2011,22340024
Autriche,AUT,2004,YR2004,8171966
Autriche,AUT,2006,YR2006,8268641
Autriche,AUT,2007,YR2007,8295487
Autriche,AUT,2008,YR2008,8321496
Autriche,AUT,2009,YR2009,8343323
Autriche,AUT,2010,YR2010,8363404
Autriche,AUT,2011,YR2011,8391643
Azerbaïdjan,AZE,2004,YR2004,8306500
Azerbaïdjan,AZE,2006,YR2006,8484550
Azerbaïdjan,AZE,2007,YR2007,8581300
Azerbaïdjan,AZE,2008,YR2008,8763400
Azerbaïdjan,AZE,2009,YR2009,8947243
Azerbaïdjan,AZE,2010,YR2010,9054332
Azerbaïdjan,AZE,2011,YR2011,9173082
Bahamas,BHS,2004,YR2004,318893
Bahamas,BHS,2006,YR2006,331032
Bahamas,BHS,2007,YR2007,337387
Bahamas,BHS,2008,YR2008,343680
Bahamas,BHS,2009,YR2009,349600
Bahamas,BHS,2010,YR2010,354936
Bahamas,BHS,2011,YR2011,359583
Bahreïn,BHR,2004,YR2004,829846
Bahreïn,BHR,2006,YR2006,958423
Bahreïn,BHR,2007,YR2007,1035924
Bahreïn,BHR,2008,YR2008,1114645
Bahreïn,BHR,2009,YR2009,1185075
Bahreïn,BHR,2010,YR2010,1240864
Bahreïn,BHR,2011,YR2011,1278153
Bangladesh,BGD,2004,YR2004,136986429
Bangladesh,BGD,2006,YR2006,140921154
Bangladesh,BGD,2007,YR2007,142660381
Bangladesh,BGD,2008,YR2008,144304164
Bangladesh,BGD,2009,YR2009,145924795
Bangladesh,BGD,2010,YR2010,147575433
Bangladesh,BGD,2011,YR2011,149273134
Barbade,BRB,2004,YR2004,275283
Barbade,BRB,2006,YR2006,277475
Barbade,BRB,2007,YR2007,278701
Barbade,BRB,2008,YR2008,279946
Barbade,BRB,2009,YR2009,281107
Barbade,BRB,2010,YR2010,282131
Barbade,BRB,2011,YR2011,282987
Bélarus,BLR,2004,YR2004,9730146
Bélarus,BLR,2006,YR2006,9604924
Bélarus,BLR,2007,YR2007,9560953
Bélarus,BLR,2008,YR2008,9527985
Bélarus,BLR,2009,YR2009,9504583
Bélarus,BLR,2010,YR2010,9483836
Bélarus,BLR,2011,YR2011,9461643
Belgique,BEL,2004,YR2004,10421137
Belgique,BEL,2006,YR2006,10547958
Belgique,BEL,2007,YR2007,10625700
Belgique,BEL,2008,YR2008,10709973
Belgique,BEL,2009,YR2009,10796493
Belgique,BEL,2010,YR2010,10895586
Belgique,BEL,2011,YR2011,11038264
Belize,BLZ,2004,YR2004,276516
Belize,BLZ,2006,YR2006,291338
Belize,BLZ,2007,YR2007,299031
Belize,BLZ,2008,YR2008,306822
Belize,BLZ,2009,YR2009,314655
Belize,BLZ,2010,YR2010,322465
Belize,BLZ,2011,YR2011,330236
Bénin,BEN,2004,YR2004,7750003
Bénin,BEN,2006,YR2006,8216893
Bénin,BEN,2007,YR2007,8454790
Bénin,BEN,2008,YR2008,8696915
Bénin,BEN,2009,YR2009,8944713
Bénin,BEN,2010,YR2010,9199254
Bénin,BEN,2011,YR2011,9460829
Bermudes,BMU,2004,YR2004,63740
Bermudes,BMU,2006,YR2006,64523
Bermudes,BMU,2007,YR2007,64888
Bermudes,BMU,2008,YR2008,65273
Bermudes,BMU,2009,YR2009,65636
Bermudes,BMU,2010,YR2010,65124
Bermudes,BMU,2011,YR2011,64564
Bhoutan,BTN,2004,YR2004,638809
Bhoutan,BTN,2006,YR2006,657404
Bhoutan,BTN,2007,YR2007,664873
Bhoutan,BTN,2008,YR2008,671611
Bhoutan,BTN,2009,YR2009,678329
Bhoutan,BTN,2010,YR2010,685502
Bhoutan,BTN,2011,YR2011,693297
Bolivie,BOL,2004,YR2004,9069044
Bolivie,BOL,2006,YR2006,9395449
Bolivie,BOL,2007,YR2007,9558438
Bolivie,BOL,2008,YR2008,9721457
Bolivie,BOL,2009,YR2009,9884790
Bolivie,BOL,2010,YR2010,10048597
Bolivie,BOL,2011,YR2011,10212951
Bosnie-Herzégovine,BIH,2004,YR2004,3764194
Bosnie-Herzégovine,BIH,2006,YR2006,3765422
Bosnie-Herzégovine,BIH,2007,YR2007,3762791
Bosnie-Herzégovine,BIH,2008,YR2008,3754261
Bosnie-Herzégovine,BIH,2009,YR2009,3735945
Bosnie-Herzégovine,BIH,2010,YR2010,3705478
Bosnie-Herzégovine,BIH,2011,YR2011,3661173
Botswana,BWA,2004,YR2004,1765533
Botswana,BWA,2006,YR2006,1835911
Botswana,BWA,2007,YR2007,1875458
Botswana,BWA,2008,YR2008,1915636
Botswana,BWA,2009,YR2009,1953495
Botswana,BWA,2010,YR2010,1987106
Botswana,BWA,2011,YR2011,2015406
Brésil,BRA,2004,YR2004,184006479
Brésil,BRA,2006,YR2006,188167353
Brésil,BRA,2007,YR2007,190130445
Brésil,BRA,2008,YR2008,192030362
Brésil,BRA,2009,YR2009,193886505
Brésil,BRA,2010,YR2010,195713637
Brésil,BRA,2011,YR2011,197514541
Îles Vierges britanniques,VGB,2004,YR2004,22329
Îles Vierges britanniques,VGB,2006,YR2006,24022
Îles Vierges britanniques,VGB,2007,YR2007,25050
Îles Vierges britanniques,VGB,2008,YR2008,26096
Îles Vierges britanniques,VGB,2009,YR2009,27035
Îles Vierges britanniques,VGB,2010,YR2010,27796
Îles Vierges britanniques,VGB,2011,YR2011,28326
Brunéi Darussalam,BRN,2004,YR2004,359434
Brunéi Darussalam,BRN,2006,YR2006,370262
Brunéi Darussalam,BRN,2007,YR2007,374967
Brunéi Darussalam,BRN,2008,YR2008,379418
Brunéi Darussalam,BRN,2009,YR2009,383902
Brunéi Darussalam,BRN,2010,YR2010,388634
Brunéi Darussalam,BRN,2011,YR2011,393687
Bulgarie,BGR,2004,YR2004,7716860
Bulgarie,BGR,2006,YR2006,7601022
Bulgarie,BGR,2007,YR2007,7545338
Bulgarie,BGR,2008,YR2008,7492561
Bulgarie,BGR,2009,YR2009,7444443
Bulgarie,BGR,2010,YR2010,7395599
Bulgarie,BGR,2011,YR2011,7348328
Burkina Faso,BFA,2004,YR2004,13030576
Burkina Faso,BFA,2006,YR2006,13829173
Burkina Faso,BFA,2007,YR2007,14252029
Burkina Faso,BFA,2008,YR2008,14689725
Burkina Faso,BFA,2009,YR2009,15141098
Burkina Faso,BFA,2010,YR2010,15605211
Burkina Faso,BFA,2011,YR2011,16081915
Burundi,BDI,2004,YR2004,7131688
Burundi,BDI,2006,YR2006,7607850
Burundi,BDI,2007,YR2007,7862226
Burundi,BDI,2008,YR2008,8126104
Burundi,BDI,2009,YR2009,8397661
Burundi,BDI,2010,YR2010,8675606
Burundi,BDI,2011,YR2011,8958406
Cabo Verde,CPV,2004,YR2004,456619
Cabo Verde,CPV,2006,YR2006,469171
Cabo Verde,CPV,2007,YR2007,475067
Cabo Verde,CPV,2008,YR2008,480846
Cabo Verde,CPV,2009,YR2009,486667
Cabo Verde,CPV,2010,YR2010,492644
Cabo Verde,CPV,2011,YR2011,498858
Cambodge,KHM,2004,YR2004,13066475
Cambodge,KHM,2006,YR2006,13477705
Cambodge,KHM,2007,YR2007,13679953
Cambodge,KHM,2008,YR2008,13883835
Cambodge,KHM,2009,YR2009,14093605
Cambodge,KHM,2010,YR2010,14312205
Cambodge,KHM,2011,YR2011,14541421
Cameroun,CMR,2004,YR2004,17259322
Cameroun,CMR,2006,YR2006,18223677
Cameroun,CMR,2007,YR2007,18730283
Cameroun,CMR,2008,YR2008,19252674
Cameroun,CMR,2009,YR2009,19789922
Cameroun,CMR,2010,YR2010,20341236
Cameroun,CMR,2011,YR2011,20906392
Canada,CAN,2004,YR2004,31940655
Canada,CAN,2006,YR2006,32571174
Canada,CAN,2007,YR2007,32889025
Canada,CAN,2008,YR2008,33247118
Canada,CAN,2009,YR2009,33628895
Canada,CAN,2010,YR2010,34004889
Canada,CAN,2011,YR2011,34339328
Îles Caïmans,CYM,2004,YR2004,47899
Îles Caïmans,CYM,2006,YR2006,50729
Îles Caïmans,CYM,2007,YR2007,52280
Îles Caïmans,CYM,2008,YR2008,53835
Îles Caïmans,CYM,2009,YR2009,55321
Îles Caïmans,CYM,2010,YR2010,56672
Îles Caïmans,CYM,2011,YR2011,57877
République centrafricaine,CAF,2004,YR2004,3959883
République centrafricaine,CAF,2006,YR2006,4118075
République centrafricaine,CAF,2007,YR2007,4198004
République centrafricaine,CAF,2008,YR2008,4273368
République centrafricaine,CAF,2009,YR2009,4337623
République centrafricaine,CAF,2010,YR2010,4386765
République centrafricaine,CAF,2011,YR2011,4418639
Tchad,TCD,2004,YR2004,9734761
Tchad,TCD,2006,YR2006,10457122
Tchad,TCD,2007,YR2007,10818031
Tchad,TCD,2008,YR2008,11183589
Tchad,TCD,2009,YR2009,11560142
Tchad,TCD,2010,YR2010,11952134
Tchad,TCD,2011,YR2011,12360986
Îles Anglo-Normandes,CHI,2004,YR2004,150722
Îles Anglo-Normandes,CHI,2006,YR2006,152999
Îles Anglo-Normandes,CHI,2007,YR2007,154644
Îles Anglo-Normandes,CHI,2008,YR2008,156441
Îles Anglo-Normandes,CHI,2009,YR2009,158187
Îles Anglo-Normandes,CHI,2010,YR2010,159718
Îles Anglo-Normandes,CHI,2011,YR2011,160990
Chili,CHL,2004,YR2004,16014972
Chili,CHL,2006,YR2006,16354507
Chili,CHL,2007,YR2007,16530201
Chili,CHL,2008,YR2008,16708255
Chili,CHL,2009,YR2009,16886184
Chili,CHL,2010,YR2010,17062531
Chili,CHL,2011,YR2011,17233584
Chine,CHN,2004,YR2004,1296075000
Chine,CHN,2006,YR2006,1311020000
Chine,CHN,2007,YR2007,1317885000
Chine,CHN,2008,YR2008,1324655000
Chine,CHN,2009,YR2009,1331260000
Chine,CHN,2010,YR2010,1337705000
Chine,CHN,2011,YR2011,1345035000
Colombie,COL,2004,YR2004,42075953
Colombie,COL,2006,YR2006,43200901
Colombie,COL,2007,YR2007,43737512
Colombie,COL,2008,YR2008,44254972
Colombie,COL,2009,YR2009,44750054
Colombie,COL,2010,YR2010,45222699
Colombie,COL,2011,YR2011,45662747
Comores,COM,2004,YR2004,597230
Comores,COM,2006,YR2006,626427
Comores,COM,2007,YR2007,641624
Comores,COM,2008,YR2008,657227
Comores,COM,2009,YR2009,673251
Comores,COM,2010,YR2010,689696
Comores,COM,2011,YR2011,706578
"Congo, République démocratique du",COD,2004,YR2004,53068869
"Congo, République démocratique du",COD,2006,YR2006,56578046
"Congo, République démocratique du",COD,2007,YR2007,58453687
"Congo, République démocratique du",COD,2008,YR2008,60411195
"Congo, République démocratique du",COD,2009,YR2009,62448572
"Congo, République démocratique du",COD,2010,YR2010,64563853
"Congo, République démocratique du",COD,2011,YR2011,66755151
"Congo, République du",COG,2004,YR2004,3510468
"Congo, République du",COG,2006,YR2006,3745143
"Congo, République du",COG,2007,YR2007,3876123
"Congo, République du",COG,2008,YR2008,4011487
"Congo, République du",COG,2009,YR2009,4145400
"Congo, République du",COG,2010,YR2010,4273738
"Congo, République du",COG,2011,YR2011,4394842
Costa Rica,CRI,2004,YR2004,4225156
Costa Rica,CRI,2006,YR2006,4345421
Costa Rica,CRI,2007,YR2007,4404626
Costa Rica,CRI,2008,YR2008,4463123
Costa Rica,CRI,2009,YR2009,4520739
Costa Rica,CRI,2010,YR2010,4577371
Costa Rica,CRI,2011,YR2011,4633086
Côte d'Ivoire,CIV,2004,YR2004,17970493
Côte d'Ivoire,CIV,2006,YR2006,18754914
Côte d'Ivoire,CIV,2007,YR2007,19171250
Côte d'Ivoire,CIV,2008,YR2008,19605568
Côte d'Ivoire,CIV,2009,YR2009,20059147
Côte d'Ivoire,CIV,2010,YR2010,20532944
Côte d'Ivoire,CIV,2011,YR2011,21028652
Croatie,HRV,2004,YR2004,4304600
Croatie,HRV,2006,YR2006,4311159
Croatie,HRV,2007,YR2007,4310217
Croatie,HRV,2008,YR2008,4309705
Croatie,HRV,2009,YR2009,4305181
Croatie,HRV,2010,YR2010,4295427
Croatie,HRV,2011,YR2011,4280622
Cuba,CUB,2004,YR2004,11250369
Cuba,CUB,2006,YR2006,11261241
Cuba,CUB,2007,YR2007,11251117
Cuba,CUB,2008,YR2008,11236975
Cuba,CUB,2009,YR2009,11226711
Cuba,CUB,2010,YR2010,11225833
Cuba,CUB,2011,YR2011,11236671
Curacao,CUW,2004,YR2004,134192
Curacao,CUW,2006,YR2006,141239
Curacao,CUW,2007,YR2007,144056
Curacao,CUW,2008,YR2008,145880
Curacao,CUW,2009,YR2009,146833
Curacao,CUW,2010,YR2010,148703
Curacao,CUW,2011,YR2011,150831
Chypre,CYP,2004,YR2004,1010410
Chypre,CYP,2006,YR2006,1045508
Chypre,CYP,2007,YR2007,1063708
Chypre,CYP,2008,YR2008,1081568
Chypre,CYP,2009,YR2009,1098089
Chypre,CYP,2010,YR2010,1112617
Chypre,CYP,2011,YR2011,1124837
République tchèque,CZE,2004,YR2004,10197101
République tchèque,CZE,2006,YR2006,10238905
République tchèque,CZE,2007,YR2007,10298828
République tchèque,CZE,2008,YR2008,10384603
République tchèque,CZE,2009,YR2009,10443936
République tchèque,CZE,2010,YR2010,10474410
République tchèque,CZE,2011,YR2011,10496088
Danemark,DNK,2004,YR2004,5404523
Danemark,DNK,2006,YR2006,5437272
Danemark,DNK,2007,YR2007,5461438
Danemark,DNK,2008,YR2008,5493621
Danemark,DNK,2009,YR2009,5523095
Danemark,DNK,2010,YR2010,5547683
Danemark,DNK,2011,YR2011,5570572
Djibouti,DJI,2004,YR2004,771599
Djibouti,DJI,2006,YR2006,794554
Djibouti,DJI,2007,YR2007,805456
Djibouti,DJI,2008,YR2008,816361
Djibouti,DJI,2009,YR2009,827820
Djibouti,DJI,2010,YR2010,840194
Djibouti,DJI,2011,YR2011,853671
Dominique,DMA,2004,YR2004,70387
Dominique,DMA,2006,YR2006,70718
Dominique,DMA,2007,YR2007,70797
Dominique,DMA,2008,YR2008,70829
Dominique,DMA,2009,YR2009,70848
Dominique,DMA,2010,YR2010,70877
Dominique,DMA,2011,YR2011,70912
République dominicaine,DOM,2004,YR2004,8974444
République dominicaine,DOM,2006,YR2006,9218681
République dominicaine,DOM,2007,YR2007,9338856
République dominicaine,DOM,2008,YR2008,9458079
République dominicaine,DOM,2009,YR2009,9576736
République dominicaine,DOM,2010,YR2010,9695117
République dominicaine,DOM,2011,YR2011,9813219
Équateur,ECU,2004,YR2004,13596390
Équateur,ECU,2006,YR2006,14059379
Équateur,ECU,2007,YR2007,14296554
Équateur,ECU,2008,YR2008,14535740
Équateur,ECU,2009,YR2009,14774412
Équateur,ECU,2010,YR2010,15011114
Équateur,ECU,2011,YR2011,15243885
"Égypte, République arabe d’",EGY,2004,YR2004,74172073
"Égypte, République arabe d’",EGY,2006,YR2006,76873670
"Égypte, République arabe d’",EGY,2007,YR2007,78232124
"Égypte, République arabe d’",EGY,2008,YR2008,79636081
"Égypte, République arabe d’",EGY,2009,YR2009,81134789
"Égypte, République arabe d’",EGY,2010,YR2010,82761244
"Égypte, République arabe d’",EGY,2011,YR2011,84529251
El Salvador,SLV,2004,YR2004,6023801
El Salvador,SLV,2006,YR2006,6079395
El Salvador,SLV,2007,YR2007,6105810
El Salvador,SLV,2008,YR2008,6131767
El Salvador,SLV,2009,YR2009,6157678
El Salvador,SLV,2010,YR2010,6183877
El Salvador,SLV,2011,YR2011,6210567
Guinée équatoriale,GNQ,2004,YR2004,716949
Guinée équatoriale,GNQ,2006,YR2006,784494
Guinée équatoriale,GNQ,2007,YR2007,821686
Guinée équatoriale,GNQ,2008,YR2008,860839
Guinée équatoriale,GNQ,2009,YR2009,901589
Guinée équatoriale,GNQ,2010,YR2010,943640
Guinée équatoriale,GNQ,2011,YR2011,986861
Érythrée,ERI,2004,YR2004,2719809
Érythrée,ERI,2006,YR2006,2918209
Érythrée,ERI,2007,YR2007,2996540
Érythrée,ERI,2008,YR2008,3062782
Érythrée,ERI,2009,YR2009,3119920
Érythrée,ERI,2010,YR2010,3170437
Érythrée,ERI,2011,YR2011,3213969
Estonie,EST,2004,YR2004,1362550
Estonie,EST,2006,YR2006,1346810
Estonie,EST,2007,YR2007,1340680
Estonie,EST,2008,YR2008,1337090
Estonie,EST,2009,YR2009,1334515
Estonie,EST,2010,YR2010,1331475
Estonie,EST,2011,YR2011,1327439
Eswatini,SWZ,2004,YR2004,1026287
Eswatini,SWZ,2006,YR2006,1036095
Eswatini,SWZ,2007,YR2007,1042651
Eswatini,SWZ,2008,YR2008,1049948
Eswatini,SWZ,2009,YR2009,1057462
Eswatini,SWZ,2010,YR2010,1064841
Eswatini,SWZ,2011,YR2011,1072029
Éthiopie,ETH,2004,YR2004,74239508
Éthiopie,ETH,2006,YR2006,78489205
Éthiopie,ETH,2007,YR2007,80674343
Éthiopie,ETH,2008,YR2008,82916236
Éthiopie,ETH,2009,YR2009,85233923
Éthiopie,ETH,2010,YR2010,87639962
Éthiopie,ETH,2011,YR2011,90139928
Îles Féroé,FRO,2004,YR2004,47600
Îles Féroé,FRO,2006,YR2006,47793
Îles Féroé,FRO,2007,YR2007,47825
Îles Féroé,FRO,2008,YR2008,47822
Îles Féroé,FRO,2009,YR2009,47814
Îles Féroé,FRO,2010,YR2010,47803
Îles Féroé,FRO,2011,YR2011,47815
Fidji,FJI,2004,YR2004,817864
Fidji,FJI,2006,YR2006,827869
Fidji,FJI,2007,YR2007,836185
Fidji,FJI,2008,YR2008,845356
Fidji,FJI,2009,YR2009,853636
Fidji,FJI,2010,YR2010,859816
Fidji,FJI,2011,YR2011,863451
Finlande,FIN,2004,YR2004,5228172
Finlande,FIN,2006,YR2006,5266268
Finlande,FIN,2007,YR2007,5288720
Finlande,FIN,2008,YR2008,5313399
Finlande,FIN,2009,YR2009,5338871
Finlande,FIN,2010,YR2010,5363352
Finlande,FIN,2011,YR2011,5388272
France,FRA,2004,YR2004,62704901
France,FRA,2006,YR2006,63621376
France,FRA,2007,YR2007,64016227
France,FRA,2008,YR2008,64374979
France,FRA,2009,YR2009,64707035
France,FRA,2010,YR2010,65027505
France,FRA,2011,YR2011,65342789
Polynésie française,PYF,2004,YR2004,255995
Polynésie française,PYF,2006,YR2006,261007
Polynésie française,PYF,2007,YR2007,262717
Polynésie française,PYF,2008,YR2008,264064
Polynésie française,PYF,2009,YR2009,265256
Polynésie française,PYF,2010,YR2010,266449
Polynésie française,PYF,2011,YR2011,267702
Gabon,GAB,2004,YR2004,1353788
Gabon,GAB,2006,YR2006,1430144
Gabon,GAB,2007,YR2007,1472565
Gabon,GAB,2008,YR2008,1518538
Gabon,GAB,2009,YR2009,1568925
Gabon,GAB,2010,YR2010,1624146
Gabon,GAB,2011,YR2011,1684629
Gambie,GMB,2004,YR2004,1496524
Gambie,GMB,2006,YR2006,1591444
Gambie,GMB,2007,YR2007,1639846
Gambie,GMB,2008,YR2008,1689288
Gambie,GMB,2009,YR2009,1740277
Gambie,GMB,2010,YR2010,1793199
Gambie,GMB,2011,YR2011,1848142
Géorgie,GEO,2004,YR2004,3927340
Géorgie,GEO,2006,YR2006,3880347
Géorgie,GEO,2007,YR2007,3860158
Géorgie,GEO,2008,YR2008,3848449
Géorgie,GEO,2009,YR2009,3814419
Géorgie,GEO,2010,YR2010,3786695
Géorgie,GEO,2011,YR2011,3756441
Allemagne,DEU,2004,YR2004,82516260
Allemagne,DEU,2006,YR2006,82376451
Allemagne,DEU,2007,YR2007,82266372
Allemagne,DEU,2008,YR2008,82110097
Allemagne,DEU,2009,YR2009,81902307
Allemagne,DEU,2010,YR2010,81776930
Allemagne,DEU,2011,YR2011,80274983
Ghana,GHA,2004,YR2004,21272328
Ghana,GHA,2006,YR2006,22379057
Ghana,GHA,2007,YR2007,22963946
Ghana,GHA,2008,YR2008,23563832
Ghana,GHA,2009,YR2009,24170943
Ghana,GHA,2010,YR2010,24779614
Ghana,GHA,2011,YR2011,25387713
Gibraltar,GIB,2004,YR2004,32930
Gibraltar,GIB,2006,YR2006,33420
Gibraltar,GIB,2007,YR2007,33524
Gibraltar,GIB,2008,YR2008,33570
Gibraltar,GIB,2009,YR2009,33562
Gibraltar,GIB,2010,YR2010,33585
Gibraltar,GIB,2011,YR2011,33608
Grèce,GRC,2004,YR2004,10955141
Grèce,GRC,2006,YR2006,11020362
Grèce,GRC,2007,YR2007,11048473
Grèce,GRC,2008,YR2008,11077841
Grèce,GRC,2009,YR2009,11107017
Grèce,GRC,2010,YR2010,11121341
Grèce,GRC,2011,YR2011,11104899
Groenland,GRL,2004,YR2004,56911
Groenland,GRL,2006,YR2006,56774
Groenland,GRL,2007,YR2007,56555
Groenland,GRL,2008,YR2008,56328
Groenland,GRL,2009,YR2009,56323
Groenland,GRL,2010,YR2010,56905
Groenland,GRL,2011,YR2011,56890
Grenade,GRD,2004,YR2004,104346
Grenade,GRD,2006,YR2006,104938
Grenade,GRD,2007,YR2007,105183
Grenade,GRD,2008,YR2008,105457
Grenade,GRD,2009,YR2009,105787
Grenade,GRD,2010,YR2010,106227
Grenade,GRD,2011,YR2011,106786
Guam,GUM,2004,YR2004,158094
Guam,GUM,2006,YR2006,158649
Guam,GUM,2007,YR2007,158848
Guam,GUM,2008,YR2008,159037
Guam,GUM,2009,YR2009,159232
Guam,GUM,2010,YR2010,159439
Guam,GUM,2011,YR2011,159690
Guatemala,GTM,2004,YR2004,12682108
Guatemala,GTM,2006,YR2006,13213330
Guatemala,GTM,2007,YR2007,13477017
Guatemala,GTM,2008,YR2008,13739299
Guatemala,GTM,2009,YR2009,14000190
Guatemala,GTM,2010,YR2010,14259687
Guatemala,GTM,2011,YR2011,14521515
Guinée,GIN,2004,YR2004,8925729
Guinée,GIN,2006,YR2006,9307421
Guinée,GIN,2007,YR2007,9518159
Guinée,GIN,2008,YR2008,9738796
Guinée,GIN,2009,YR2009,9964470
Guinée,GIN,2010,YR2010,10192168
Guinée,GIN,2011,YR2011,10420459
Guinée-Bissau,GNB,2004,YR2004,1313492
Guinée-Bissau,GNB,2006,YR2006,1377582
Guinée-Bissau,GNB,2007,YR2007,1411545
Guinée-Bissau,GNB,2008,YR2008,1446936
Guinée-Bissau,GNB,2009,YR2009,1483920
Guinée-Bissau,GNB,2010,YR2010,1522603
Guinée-Bissau,GNB,2011,YR2011,1562996
Guyane,GUY,2004,YR2004,745737
Guyane,GUY,2006,YR2006,746335
Guyane,GUY,2007,YR2007,746477
Guyane,GUY,2008,YR2008,746815
Guyane,GUY,2009,YR2009,747718
Guyane,GUY,2010,YR2010,749430
Guyane,GUY,2011,YR2011,752029
Haïti,HTI,2004,YR2004,9047082
Haïti,HTI,2006,YR2006,9344784
Haïti,HTI,2007,YR2007,9495336
Haïti,HTI,2008,YR2008,9646570
Haïti,HTI,2009,YR2009,9798046
Haïti,HTI,2010,YR2010,9949318
Haïti,HTI,2011,YR2011,10100320
Honduras,HND,2004,YR2004,7282953
Honduras,HND,2006,YR2006,7634295
Honduras,HND,2007,YR2007,7808520
Honduras,HND,2008,YR2008,7980955
Honduras,HND,2009,YR2009,8150780
Honduras,HND,2010,YR2010,8317467
Honduras,HND,2011,YR2011,8480670
"Chine, RAS de Hong Kong",HKG,2004,YR2004,6783500
"Chine, RAS de Hong Kong",HKG,2006,YR2006,6857100
"Chine, RAS de Hong Kong",HKG,2007,YR2007,6916300
"Chine, RAS de Hong Kong",HKG,2008,YR2008,6957800
"Chine, RAS de Hong Kong",HKG,2009,YR2009,6972800
"Chine, RAS de Hong Kong",HKG,2010,YR2010,7024200
"Chine, RAS de Hong Kong",HKG,2011,YR2011,7071600
Hongrie,HUN,2004,YR2004,10107146
Hongrie,HUN,2006,YR2006,10071370
Hongrie,HUN,2007,YR2007,10055780
Hongrie,HUN,2008,YR2008,10038188
Hongrie,HUN,2009,YR2009,10022650
Hongrie,HUN,2010,YR2010,10000023
Hongrie,HUN,2011,YR2011,9971727
Islande,ISL,2004,YR2004,292074
Islande,ISL,2006,YR2006,303782
Islande,ISL,2007,YR2007,311566
Islande,ISL,2008,YR2008,317414
Islande,ISL,2009,YR2009,318499
Islande,ISL,2010,YR2010,318041
Islande,ISL,2011,YR2011,319014
Inde,IND,2004,YR2004,1129623466
Inde,IND,2006,YR2006,1165486291
Inde,IND,2007,YR2007,1183209471
Inde,IND,2008,YR2008,1200669762
Inde,IND,2009,YR2009,1217726217
Inde,IND,2010,YR2010,1234281163
Inde,IND,2011,YR2011,1250287939
Indonésie,IDN,2004,YR2004,223285666
Indonésie,IDN,2006,YR2006,229318262
Indonésie,IDN,2007,YR2007,232374239
Indonésie,IDN,2008,YR2008,235469755
Indonésie,IDN,2009,YR2009,238620554
Indonésie,IDN,2010,YR2010,241834226
Indonésie,IDN,2011,YR2011,245115988
"Iran, République islamique d’",IRN,2004,YR2004,68951279
"Iran, République islamique d’",IRN,2006,YR2006,70554756
"Iran, République islamique d’",IRN,2007,YR2007,71336476
"Iran, République islamique d’",IRN,2008,YR2008,72120608
"Iran, République islamique d’",IRN,2009,YR2009,72924833
"Iran, République islamique d’",IRN,2010,YR2010,73762519
"Iran, République islamique d’",IRN,2011,YR2011,74634959
Iraq,IRQ,2004,YR2004,26313838
Iraq,IRQ,2006,YR2006,27448124
Iraq,IRQ,2007,YR2007,27911242
Iraq,IRQ,2008,YR2008,28385739
Iraq,IRQ,2009,YR2009,28973157
Iraq,IRQ,2010,YR2010,29741977
Iraq,IRQ,2011,YR2011,30725305
Irlande,IRL,2004,YR2004,4070262
Irlande,IRL,2006,YR2006,4273591
Irlande,IRL,2007,YR2007,4398942
Irlande,IRL,2008,YR2008,4489544
Irlande,IRL,2009,YR2009,4535375
Irlande,IRL,2010,YR2010,4560155
Irlande,IRL,2011,YR2011,4580084
Île de Man,IMN,2004,YR2004,79515
Île de Man,IMN,2006,YR2006,81283
Île de Man,IMN,2007,YR2007,82406
Île de Man,IMN,2008,YR2008,83515
Île de Man,IMN,2009,YR2009,84379
Île de Man,IMN,2010,YR2010,84856
Île de Man,IMN,2011,YR2011,84889
Israël,ISR,2004,YR2004,6809000
Israël,ISR,2006,YR2006,7053700
Israël,ISR,2007,YR2007,7180100
Israël,ISR,2008,YR2008,7308800
Israël,ISR,2009,YR2009,7485600
Israël,ISR,2010,YR2010,7623600
Israël,ISR,2011,YR2011,7765800
Italie,ITA,2004,YR2004,57685327
Italie,ITA,2006,YR2006,58143979
Italie,ITA,2007,YR2007,58438310
Italie,ITA,2008,YR2008,58826731
Italie,ITA,2009,YR2009,59095365
Italie,ITA,2010,YR2010,59277417
Italie,ITA,2011,YR2011,59379449
Jamaïque,JAM,2004,YR2004,2725017
Jamaïque,JAM,2006,YR2006,2754414
Jamaïque,JAM,2007,YR2007,2768229
Jamaïque,JAM,2008,YR2008,2781869
Jamaïque,JAM,2009,YR2009,2795839
Jamaïque,JAM,2010,YR2010,2810464
Jamaïque,JAM,2011,YR2011,2825932
Japon,JPN,2004,YR2004,127761000
Japon,JPN,2006,YR2006,127854000
Japon,JPN,2007,YR2007,128001000
Japon,JPN,2008,YR2008,128063000
Japon,JPN,2009,YR2009,128047000
Japon,JPN,2010,YR2010,128070000
Japon,JPN,2011,YR2011,127833000
Jordanie,JOR,2004,YR2004,5580241
Jordanie,JOR,2006,YR2006,5991547
Jordanie,JOR,2007,YR2007,6255290
Jordanie,JOR,2008,YR2008,6556473
Jordanie,JOR,2009,YR2009,6893258
Jordanie,JOR,2010,YR2010,7261541
Jordanie,JOR,2011,YR2011,7662858
Kazakhstan,KAZ,2004,YR2004,15012984
Kazakhstan,KAZ,2006,YR2006,15308085
Kazakhstan,KAZ,2007,YR2007,15484192
Kazakhstan,KAZ,2008,YR2008,15776938
Kazakhstan,KAZ,2009,YR2009,16092822
Kazakhstan,KAZ,2010,YR2010,16321872
Kazakhstan,KAZ,2011,YR2011,16557202
Kenya,KEN,2004,YR2004,35635267
Kenya,KEN,2006,YR2006,37649039
Kenya,KEN,2007,YR2007,38705934
Kenya,KEN,2008,YR2008,39791984
Kenya,KEN,2009,YR2009,40901798
Kenya,KEN,2010,YR2010,42030684
Kenya,KEN,2011,YR2011,43178270
Kiribati,KIR,2004,YR2004,90498
Kiribati,KIR,2006,YR2006,94341
Kiribati,KIR,2007,YR2007,96531
Kiribati,KIR,2008,YR2008,98760
Kiribati,KIR,2009,YR2009,100928
Kiribati,KIR,2010,YR2010,102930
Kiribati,KIR,2011,YR2011,104735
"Corée, République démocratique de",PRK,2004,YR2004,23732740
"Corée, République démocratique de",PRK,2006,YR2006,24054866
"Corée, République démocratique de",PRK,2007,YR2007,24188330
"Corée, République démocratique de",PRK,2008,YR2008,24310143
"Corée, République démocratique de",PRK,2009,YR2009,24428340
"Corée, République démocratique de",PRK,2010,YR2010,24548840
"Corée, République démocratique de",PRK,2011,YR2011,24673392
"Corée, République de",KOR,2004,YR2004,48082519
"Corée, République de",KOR,2006,YR2006,48438292
"Corée, République de",KOR,2007,YR2007,48683638
"Corée, République de",KOR,2008,YR2008,49054708
"Corée, République de",KOR,2009,YR2009,49307835
"Corée, République de",KOR,2010,YR2010,49554112
"Corée, République de",KOR,2011,YR2011,49936638
Kosovo,XKX,2004,YR2004,1704622
Kosovo,XKX,2006,YR2006,1719536
Kosovo,XKX,2007,YR2007,1733404
Kosovo,XKX,2008,YR2008,1747383
Kosovo,XKX,2009,YR2009,1761474
Kosovo,XKX,2010,YR2010,1775680
Kosovo,XKX,2011,YR2011,1791000
Koweït,KWT,2004,YR2004,2200498
Koweït,KWT,2006,YR2006,2373661
Koweït,KWT,2007,YR2007,2504026
Koweït,KWT,2008,YR2008,2656010
Koweït,KWT,2009,YR2009,2821041
Koweït,KWT,2010,YR2010,2991884
Koweït,KWT,2011,YR2011,3168054
République kirghize,KGZ,2004,YR2004,5104700
République kirghize,KGZ,2006,YR2006,5218400
République kirghize,KGZ,2007,YR2007,5268400
République kirghize,KGZ,2008,YR2008,5318700
République kirghize,KGZ,2009,YR2009,5383300
République kirghize,KGZ,2010,YR2010,5447900
République kirghize,KGZ,2011,YR2011,5514600
République démocratique populaire lao,LAO,2004,YR2004,5662199
République démocratique populaire lao,LAO,2006,YR2006,5846075
République démocratique populaire lao,LAO,2007,YR2007,5944950
République démocratique populaire lao,LAO,2008,YR2008,6046630
République démocratique populaire lao,LAO,2009,YR2009,6148621
République démocratique populaire lao,LAO,2010,YR2010,6249168
République démocratique populaire lao,LAO,2011,YR2011,6347564
Lettonie,LVA,2004,YR2004,2263122
Lettonie,LVA,2006,YR2006,2218357
Lettonie,LVA,2007,YR2007,2200325
Lettonie,LVA,2008,YR2008,2177322
Lettonie,LVA,2009,YR2009,2141669
Lettonie,LVA,2010,YR2010,2097555
Lettonie,LVA,2011,YR2011,2059709
Liban,LBN,2004,YR2004,4569377
Liban,LBN,2006,YR2006,4759760
Liban,LBN,2007,YR2007,4767347
Liban,LBN,2008,YR2008,4764745
Liban,LBN,2009,YR2009,4813026
Liban,LBN,2010,YR2010,4953064
Liban,LBN,2011,YR2011,5202022
Lesotho,LSO,2004,YR2004,2005953
Lesotho,LSO,2006,YR2006,1989933
Lesotho,LSO,2007,YR2007,1986926
Lesotho,LSO,2008,YR2008,1987130
Lesotho,LSO,2009,YR2009,1990135
Lesotho,LSO,2010,YR2010,1995575
Lesotho,LSO,2011,YR2011,2003793
Libéria,LBR,2004,YR2004,3135654
Libéria,LBR,2006,YR2006,3329211
Libéria,LBR,2007,YR2007,3461911
Libéria,LBR,2008,YR2008,3607863
Libéria,LBR,2009,YR2009,3754129
Libéria,LBR,2010,YR2010,3891357
Libéria,LBR,2011,YR2011,4017446
Libye,LBY,2004,YR2004,5710163
Libye,LBY,2006,YR2006,5886874
Libye,LBY,2007,YR2007,5974786
Libye,LBY,2008,YR2008,6058740
Libye,LBY,2009,YR2009,6133987
Libye,LBY,2010,YR2010,6197667
Libye,LBY,2011,YR2011,6247438
Liechtenstein,LIE,2004,YR2004,34444
Liechtenstein,LIE,2006,YR2006,34975
Liechtenstein,LIE,2007,YR2007,35217
Liechtenstein,LIE,2008,YR2008,35469
Liechtenstein,LIE,2009,YR2009,35723
Liechtenstein,LIE,2010,YR2010,35996
Liechtenstein,LIE,2011,YR2011,36299
Lituanie,LTU,2004,YR2004,3377075
Lituanie,LTU,2006,YR2006,3269909
Lituanie,LTU,2007,YR2007,3231294
Lituanie,LTU,2008,YR2008,3198231
Lituanie,LTU,2009,YR2009,3162916
Lituanie,LTU,2010,YR2010,3097282
Lituanie,LTU,2011,YR2011,3028115
Luxembourg,LUX,2004,YR2004,458095
Luxembourg,LUX,2006,YR2006,472637
Luxembourg,LUX,2007,YR2007,479993
Luxembourg,LUX,2008,YR2008,488650
Luxembourg,LUX,2009,YR2009,497783
Luxembourg,LUX,2010,YR2010,506953
Luxembourg,LUX,2011,YR2011,518347
"Région administrative spéciale de Macao, Chine",MAC,2004,YR2004,471600
"Région administrative spéciale de Macao, Chine",MAC,2006,YR2006,493804
"Région administrative spéciale de Macao, Chine",MAC,2007,YR2007,504504
"Région administrative spéciale de Macao, Chine",MAC,2008,YR2008,515232
"Région administrative spéciale de Macao, Chine",MAC,2009,YR2009,526401
"Région administrative spéciale de Macao, Chine",MAC,2010,YR2010,538215
"Région administrative spéciale de Macao, Chine",MAC,2011,YR2011,550833
Madagascar,MDG,2004,YR2004,17802992
Madagascar,MDG,2006,YR2006,18880265
Madagascar,MDG,2007,YR2007,19433520
Madagascar,MDG,2008,YR2008,19996476
Madagascar,MDG,2009,YR2009,20569115
Madagascar,MDG,2010,YR2010,21151640
Madagascar,MDG,2011,YR2011,21743970
Malawi,MWI,2004,YR2004,12301837
Malawi,MWI,2006,YR2006,12973693
Malawi,MWI,2007,YR2007,13341808
Malawi,MWI,2008,YR2008,13727899
Malawi,MWI,2009,YR2009,14128161
Malawi,MWI,2010,YR2010,14539609
Malawi,MWI,2011,YR2011,14962118
Malaisie,MYS,2004,YR2004,25190647
Malaisie,MYS,2006,YR2006,26201954
Malaisie,MYS,2007,YR2007,26720367
Malaisie,MYS,2008,YR2008,27236003
Malaisie,MYS,2009,YR2009,27735038
Malaisie,MYS,2010,YR2010,28208028
Malaisie,MYS,2011,YR2011,28650962
Maldives,MDV,2004,YR2004,311265
Maldives,MDV,2006,YR2006,327489
Maldives,MDV,2007,YR2007,335172
Maldives,MDV,2008,YR2008,343448
Maldives,MDV,2009,YR2009,353391
Maldives,MDV,2010,YR2010,365730
Maldives,MDV,2011,YR2011,380493
Mali,MLI,2004,YR2004,12369078
Mali,MLI,2006,YR2006,13203378
Mali,MLI,2007,YR2007,13651455
Mali,MLI,2008,YR2008,14113578
Mali,MLI,2009,YR2009,14581427
Mali,MLI,2010,YR2010,15049352
Mali,MLI,2011,YR2011,15514593
Malte,MLT,2004,YR2004,401268
Malte,MLT,2006,YR2006,405308
Malte,MLT,2007,YR2007,406724
Malte,MLT,2008,YR2008,409379
Malte,MLT,2009,YR2009,412477
Malte,MLT,2010,YR2010,414508
Malte,MLT,2011,YR2011,416268
Îles Marshall,MHL,2004,YR2004,54476
Îles Marshall,MHL,2006,YR2006,55765
Îles Marshall,MHL,2007,YR2007,56046
Îles Marshall,MHL,2008,YR2008,56166
Îles Marshall,MHL,2009,YR2009,56255
Îles Marshall,MHL,2010,YR2010,56361
Îles Marshall,MHL,2011,YR2011,56524
Mauritanie,MRT,2004,YR2004,2939246
Mauritanie,MRT,2006,YR2006,3111908
Mauritanie,MRT,2007,YR2007,3202512
Mauritanie,MRT,2008,YR2008,3296237
Mauritanie,MRT,2009,YR2009,3393408
Mauritanie,MRT,2010,YR2010,3494200
Mauritanie,MRT,2011,YR2011,3598646
Maurice,MUS,2004,YR2004,1221003
Maurice,MUS,2006,YR2006,1233996
Maurice,MUS,2007,YR2007,1239630
Maurice,MUS,2008,YR2008,1244121
Maurice,MUS,2009,YR2009,1247429
Maurice,MUS,2010,YR2010,1250400
Maurice,MUS,2011,YR2011,1252404
Mexique,MEX,2004,YR2004,104514934
Mexique,MEX,2006,YR2006,107560155
Mexique,MEX,2007,YR2007,109170503
Mexique,MEX,2008,YR2008,110815272
Mexique,MEX,2009,YR2009,112463886
Mexique,MEX,2010,YR2010,114092961
Mexique,MEX,2011,YR2011,115695468
"Micronésie, États fédérés de",FSM,2004,YR2004,106624
"Micronésie, États fédérés de",FSM,2006,YR2006,105374
"Micronésie, États fédérés de",FSM,2007,YR2007,104442
"Micronésie, États fédérés de",FSM,2008,YR2008,103549
"Micronésie, États fédérés de",FSM,2009,YR2009,102971
"Micronésie, États fédérés de",FSM,2010,YR2010,102916
"Micronésie, États fédérés de",FSM,2011,YR2011,103448
Moldova,MDA,2004,YR2004,2895147
Moldova,MDA,2006,YR2006,2880095
Moldova,MDA,2007,YR2007,2873429
Moldova,MDA,2008,YR2008,2867964
Moldova,MDA,2009,YR2009,2864346
Moldova,MDA,2010,YR2010,2861487
Moldova,MDA,2011,YR2011,2859833
Monaco,MCO,2004,YR2004,33499
Monaco,MCO,2006,YR2006,34189
Monaco,MCO,2007,YR2007,34524
Monaco,MCO,2008,YR2008,34860
Monaco,MCO,2009,YR2009,35223
Monaco,MCO,2010,YR2010,35609
Monaco,MCO,2011,YR2011,36025
Mongolie,MNG,2004,YR2004,2496394
Mongolie,MNG,2006,YR2006,2558854
Mongolie,MNG,2007,YR2007,2593819
Mongolie,MNG,2008,YR2008,2631899
Mongolie,MNG,2009,YR2009,2673794
Mongolie,MNG,2010,YR2010,2719902
Mongolie,MNG,2011,YR2011,2770357
Monténégro,MNE,2004,YR2004,613353
Monténégro,MNE,2006,YR2006,615025
Monténégro,MNE,2007,YR2007,615875
Monténégro,MNE,2008,YR2008,616969
Monténégro,MNE,2009,YR2009,618294
Monténégro,MNE,2010,YR2010,619428
Monténégro,MNE,2011,YR2011,620079
Maroc,MAR,2004,YR2004,30115196
Maroc,MAR,2006,YR2006,30804689
Maroc,MAR,2007,YR2007,31163670
Maroc,MAR,2008,YR2008,31536807
Maroc,MAR,2009,YR2009,31929087
Maroc,MAR,2010,YR2010,32343384
Maroc,MAR,2011,YR2011,32781860
Mozambique,MOZ,2004,YR2004,19910549
Mozambique,MOZ,2006,YR2006,21080108
Mozambique,MOZ,2007,YR2007,21673319
Mozambique,MOZ,2008,YR2008,22276596
Mozambique,MOZ,2009,YR2009,22894718
Mozambique,MOZ,2010,YR2010,23531567
Mozambique,MOZ,2011,YR2011,24187500
Myanmar,MMR,2004,YR2004,48564489
Myanmar,MMR,2006,YR2006,49301049
Myanmar,MMR,2007,YR2007,49621479
Myanmar,MMR,2008,YR2008,49929642
Myanmar,MMR,2009,YR2009,50250366
Myanmar,MMR,2010,YR2010,50600827
Myanmar,MMR,2011,YR2011,50990612
Namibie,NAM,2004,YR2004,1907737
Namibie,NAM,2006,YR2006,1971318
Namibie,NAM,2007,YR2007,2006516
Namibie,NAM,2008,YR2008,2043382
Namibie,NAM,2009,YR2009,2081039
Namibie,NAM,2010,YR2010,2118877
Namibie,NAM,2011,YR2011,2156698
Nauru,NRU,2004,YR2004,9906
Nauru,NRU,2006,YR2006,9827
Nauru,NRU,2007,YR2007,9846
Nauru,NRU,2008,YR2008,9880
Nauru,NRU,2009,YR2009,9945
Nauru,NRU,2010,YR2010,10009
Nauru,NRU,2011,YR2011,10069
Népal,NPL,2004,YR2004,25419337
Népal,NPL,2006,YR2006,26066687
Népal,NPL,2007,YR2007,26382586
Népal,NPL,2008,YR2008,26666581
Népal,NPL,2009,YR2009,26883531
Népal,NPL,2010,YR2010,27013207
Népal,NPL,2011,YR2011,27041220
Pays-Bas,NLD,2004,YR2004,16281779
Pays-Bas,NLD,2006,YR2006,16346101
Pays-Bas,NLD,2007,YR2007,16381696
Pays-Bas,NLD,2008,YR2008,16445593
Pays-Bas,NLD,2009,YR2009,16530388
Pays-Bas,NLD,2010,YR2010,16615394
Pays-Bas,NLD,2011,YR2011,16693074
Nouvelle-Calédonie,NCL,2004,YR2004,228750
Nouvelle-Calédonie,NCL,2006,YR2006,235750
Nouvelle-Calédonie,NCL,2007,YR2007,239250
Nouvelle-Calédonie,NCL,2008,YR2008,242750
Nouvelle-Calédonie,NCL,2009,YR2009,245950
Nouvelle-Calédonie,NCL,2010,YR2010,249750
Nouvelle-Calédonie,NCL,2011,YR2011,254350
Nouvelle-Zélande,NZL,2004,YR2004,4087500
Nouvelle-Zélande,NZL,2006,YR2006,4184600
Nouvelle-Zélande,NZL,2007,YR2007,4223800
Nouvelle-Zélande,NZL,2008,YR2008,4259800
Nouvelle-Zélande,NZL,2009,YR2009,4302600
Nouvelle-Zélande,NZL,2010,YR2010,4350700
Nouvelle-Zélande,NZL,2011,YR2011,4384000
Nicaragua,NIC,2004,YR2004,5364930
Nicaragua,NIC,2006,YR2006,5513757
Nicaragua,NIC,2007,YR2007,5590066
Nicaragua,NIC,2008,YR2008,5667436
Nicaragua,NIC,2009,YR2009,5745538
Nicaragua,NIC,2010,YR2010,5824058
Nicaragua,NIC,2011,YR2011,5903035
Niger,NER,2004,YR2004,13125914
Niger,NER,2006,YR2006,14143969
Niger,NER,2007,YR2007,14685404
Niger,NER,2008,YR2008,15250913
Niger,NER,2009,YR2009,15843131
Niger,NER,2010,YR2010,16464025
Niger,NER,2011,YR2011,17114770
Nigéria,NGA,2004,YR2004,135320420
Nigéria,NGA,2006,YR2006,142538305
Nigéria,NGA,2007,YR2007,146339971
Nigéria,NGA,2008,YR2008,150269622
Nigéria,NGA,2009,YR2009,154324939
Nigéria,NGA,2010,YR2010,158503203
Nigéria,NGA,2011,YR2011,162805080
Macédoine du Nord,MKD,2004,YR2004,2032544
Macédoine du Nord,MKD,2006,YR2006,2040228
Macédoine du Nord,MKD,2007,YR2007,2043559
Macédoine du Nord,MKD,2008,YR2008,2046898
Macédoine du Nord,MKD,2009,YR2009,2050671
Macédoine du Nord,MKD,2010,YR2010,2055004
Macédoine du Nord,MKD,2011,YR2011,2058539
Mariannes,MNP,2004,YR2004,57240
Mariannes,MNP,2006,YR2006,55886
Mariannes,MNP,2007,YR2007,55215
Mariannes,MNP,2008,YR2008,54621
Mariannes,MNP,2009,YR2009,54194
Mariannes,MNP,2010,YR2010,53971
Mariannes,MNP,2011,YR2011,54013
Norvège,NOR,2004,YR2004,4591910
Norvège,NOR,2006,YR2006,4660677
Norvège,NOR,2007,YR2007,4709153
Norvège,NOR,2008,YR2008,4768212
Norvège,NOR,2009,YR2009,4828726
Norvège,NOR,2010,YR2010,4889252
Norvège,NOR,2011,YR2011,4953088
Oman,OMN,2004,YR2004,2445524
Oman,OMN,2006,YR2006,2580753
Oman,OMN,2007,YR2007,2657162
Oman,OMN,2008,YR2008,2750956
Oman,OMN,2009,YR2009,2876186
Oman,OMN,2010,YR2010,3041435
Oman,OMN,2011,YR2011,3251102
Pakistan,PAK,2004,YR2004,156664698
Pakistan,PAK,2006,YR2006,164022626
Pakistan,PAK,2007,YR2007,167808106
Pakistan,PAK,2008,YR2008,171648984
Pakistan,PAK,2009,YR2009,175525610
Pakistan,PAK,2010,YR2010,179424643
Pakistan,PAK,2011,YR2011,183340168
Palaos,PLW,2004,YR2004,19861
Palaos,PLW,2006,YR2006,19545
Palaos,PLW,2007,YR2007,19159
Palaos,PLW,2008,YR2008,18708
Palaos,PLW,2009,YR2009,18290
Palaos,PLW,2010,YR2010,17954
Palaos,PLW,2011,YR2011,17748
Panama,PAN,2004,YR2004,3269356
Panama,PAN,2006,YR2006,3391673
Panama,PAN,2007,YR2007,3453671
Panama,PAN,2008,YR2008,3516204
Panama,PAN,2009,YR2009,3579215
Panama,PAN,2010,YR2010,3642691
Panama,PAN,2011,YR2011,3706479
Papouasie-Nouvelle-Guinée,PNG,2004,YR2004,6354247
Papouasie-Nouvelle-Guinée,PNG,2006,YR2006,6646891
Papouasie-Nouvelle-Guinée,PNG,2007,YR2007,6808503
Papouasie-Nouvelle-Guinée,PNG,2008,YR2008,6976200
Papouasie-Nouvelle-Guinée,PNG,2009,YR2009,7144774
Papouasie-Nouvelle-Guinée,PNG,2010,YR2010,7310512
Papouasie-Nouvelle-Guinée,PNG,2011,YR2011,7472196
Paraguay,PRY,2004,YR2004,5730556
Paraguay,PRY,2006,YR2006,5913212
Paraguay,PRY,2007,YR2007,5998430
Paraguay,PRY,2008,YR2008,6081296
Paraguay,PRY,2009,YR2009,6163970
Paraguay,PRY,2010,YR2010,6248017
Paraguay,PRY,2011,YR2011,6333981
Pérou,PER,2004,YR2004,27624226
Pérou,PER,2006,YR2006,28102055
Pérou,PER,2007,YR2007,28333050
Pérou,PER,2008,YR2008,28562321
Pérou,PER,2009,YR2009,28792663
Pérou,PER,2010,YR2010,29027680
Pérou,PER,2011,YR2011,29264314
Philippines,PHL,2004,YR2004,84710544
Philippines,PHL,2006,YR2006,87888675
Philippines,PHL,2007,YR2007,89405482
Philippines,PHL,2008,YR2008,90901967
Philippines,PHL,2009,YR2009,92414161
Philippines,PHL,2010,YR2010,93966784
Philippines,PHL,2011,YR2011,95570049
Pologne,POL,2004,YR2004,38182222
Pologne,POL,2006,YR2006,38141267
Pologne,POL,2007,YR2007,38120560
Pologne,POL,2008,YR2008,38125759
Pologne,POL,2009,YR2009,38151603
Pologne,POL,2010,YR2010,38042794
Pologne,POL,2011,YR2011,38063255
Portugal,PRT,2004,YR2004,10483861
Portugal,PRT,2006,YR2006,10522288
Portugal,PRT,2007,YR2007,10542964
Portugal,PRT,2008,YR2008,10558177
Portugal,PRT,2009,YR2009,10568247
Portugal,PRT,2010,YR2010,10573100
Portugal,PRT,2011,YR2011,10557560
Porto Rico,PRI,2004,YR2004,3826878
Porto Rico,PRI,2006,YR2006,3805214
Porto Rico,PRI,2007,YR2007,3782995
Porto Rico,PRI,2008,YR2008,3760866
Porto Rico,PRI,2009,YR2009,3740410
Porto Rico,PRI,2010,YR2010,3721525
Porto Rico,PRI,2011,YR2011,3678732
Qatar,QAT,2004,YR2004,753332
Qatar,QAT,2006,YR2006,1022704
Qatar,QAT,2007,YR2007,1218441
Qatar,QAT,2008,YR2008,1436670
Qatar,QAT,2009,YR2009,1654944
Qatar,QAT,2010,YR2010,1856329
Qatar,QAT,2011,YR2011,2035862
Roumanie,ROU,2004,YR2004,21451748
Roumanie,ROU,2006,YR2006,21193760
Roumanie,ROU,2007,YR2007,20882982
Roumanie,ROU,2008,YR2008,20537875
Roumanie,ROU,2009,YR2009,20367487
Roumanie,ROU,2010,YR2010,20246871
Roumanie,ROU,2011,YR2011,20147528
Fédération de Russie,RUS,2004,YR2004,144067316
Fédération de Russie,RUS,2006,YR2006,143049637
Fédération de Russie,RUS,2007,YR2007,142805114
Fédération de Russie,RUS,2008,YR2008,142742366
Fédération de Russie,RUS,2009,YR2009,142785349
Fédération de Russie,RUS,2010,YR2010,142849468
Fédération de Russie,RUS,2011,YR2011,142960908
Rwanda,RWA,2004,YR2004,8680516
Rwanda,RWA,2006,YR2006,9043342
Rwanda,RWA,2007,YR2007,9273759
Rwanda,RWA,2008,YR2008,9524532
Rwanda,RWA,2009,YR2009,9782770
Rwanda,RWA,2010,YR2010,10039338
Rwanda,RWA,2011,YR2011,10293333
Samoa,WSM,2004,YR2004,178597
Samoa,WSM,2006,YR2006,180874
Samoa,WSM,2007,YR2007,182045
Samoa,WSM,2008,YR2008,183270
Samoa,WSM,2009,YR2009,184553
Samoa,WSM,2010,YR2010,185944
Samoa,WSM,2011,YR2011,187469
Saint-Marin,SMR,2004,YR2004,28942
Saint-Marin,SMR,2006,YR2006,29694
Saint-Marin,SMR,2007,YR2007,30068
Saint-Marin,SMR,2008,YR2008,30434
Saint-Marin,SMR,2009,YR2009,30825
Saint-Marin,SMR,2010,YR2010,31221
Saint-Marin,SMR,2011,YR2011,31655
Sao Tomé-et-Principe,STP,2004,YR2004,153736
Sao Tomé-et-Principe,STP,2006,YR2006,161676
Sao Tomé-et-Principe,STP,2007,YR2007,166297
Sao Tomé-et-Principe,STP,2008,YR2008,171122
Sao Tomé-et-Principe,STP,2009,YR2009,175877
Sao Tomé-et-Principe,STP,2010,YR2010,180372
Sao Tomé-et-Principe,STP,2011,YR2011,184521
Arabie saoudite,SAU,2004,YR2004,23132686
Arabie saoudite,SAU,2006,YR2006,24498313
Arabie saoudite,SAU,2007,YR2007,25184589
Arabie saoudite,SAU,2008,YR2008,25888535
Arabie saoudite,SAU,2009,YR2009,26630303
Arabie saoudite,SAU,2010,YR2010,27421468
Arabie saoudite,SAU,2011,YR2011,28267591
Sénégal,SEN,2004,YR2004,10810086
Sénégal,SEN,2006,YR2006,11382272
Sénégal,SEN,2007,YR2007,11687078
Sénégal,SEN,2008,YR2008,12004700
Sénégal,SEN,2009,YR2009,12335092
Sénégal,SEN,2010,YR2010,12678143
Sénégal,SEN,2011,YR2011,13033814
Serbie,SRB,2004,YR2004,7463157
Serbie,SRB,2006,YR2006,7411569
Serbie,SRB,2007,YR2007,7381579
Serbie,SRB,2008,YR2008,7350222
Serbie,SRB,2009,YR2009,7320807
Serbie,SRB,2010,YR2010,7291436
Serbie,SRB,2011,YR2011,7234099
Seychelles,SYC,2004,YR2004,82475
Seychelles,SYC,2006,YR2006,84600
Seychelles,SYC,2007,YR2007,85033
Seychelles,SYC,2008,YR2008,86956
Seychelles,SYC,2009,YR2009,87298
Seychelles,SYC,2010,YR2010,89770
Seychelles,SYC,2011,YR2011,87441
Sierra Leone,SLE,2004,YR2004,5433995
Sierra Leone,SLE,2006,YR2006,5829240
Sierra Leone,SLE,2007,YR2007,5989641
Sierra Leone,SLE,2008,YR2008,6133599
Sierra Leone,SLE,2009,YR2009,6272735
Sierra Leone,SLE,2010,YR2010,6415636
Sierra Leone,SLE,2011,YR2011,6563238
Singapour,SGP,2004,YR2004,4166664
Singapour,SGP,2006,YR2006,4401365
Singapour,SGP,2007,YR2007,4588599
Singapour,SGP,2008,YR2008,4839396
Singapour,SGP,2009,YR2009,4987573
Singapour,SGP,2010,YR2010,5076732
Singapour,SGP,2011,YR2011,5183688
Sint Maarten (Dutch part),SXM,2004,YR2004,32488
Sint Maarten (Dutch part),SXM,2006,YR2006,33441
Sint Maarten (Dutch part),SXM,2007,YR2007,33811
Sint Maarten (Dutch part),SXM,2008,YR2008,33964
Sint Maarten (Dutch part),SXM,2009,YR2009,34238
Sint Maarten (Dutch part),SXM,2010,YR2010,34056
Sint Maarten (Dutch part),SXM,2011,YR2011,33435
République slovaque,SVK,2004,YR2004,5372280
République slovaque,SVK,2006,YR2006,5373054
République slovaque,SVK,2007,YR2007,5374622
République slovaque,SVK,2008,YR2008,5379233
République slovaque,SVK,2009,YR2009,5386406
République slovaque,SVK,2010,YR2010,5391428
République slovaque,SVK,2011,YR2011,5398384
Slovénie,SVN,2004,YR2004,1997012
Slovénie,SVN,2006,YR2006,2006868
Slovénie,SVN,2007,YR2007,2018122
Slovénie,SVN,2008,YR2008,2021316
Slovénie,SVN,2009,YR2009,2039669
Slovénie,SVN,2010,YR2010,2048583
Slovénie,SVN,2011,YR2011,2052843
Îles Salomon,SLB,2004,YR2004,458549
Îles Salomon,SLB,2006,YR2006,481086
Îles Salomon,SLB,2007,YR2007,492133
Îles Salomon,SLB,2008,YR2008,503366
Îles Salomon,SLB,2009,YR2009,515182
Îles Salomon,SLB,2010,YR2010,527861
Îles Salomon,SLB,2011,YR2011,541522
Somalie,SOM,2004,YR2004,10130251
Somalie,SOM,2006,YR2006,10763904
Somalie,SOM,2007,YR2007,11080122
Somalie,SOM,2008,YR2008,11397188
Somalie,SOM,2009,YR2009,11717691
Somalie,SOM,2010,YR2010,12043886
Somalie,SOM,2011,YR2011,12376305
Afrique du Sud,ZAF,2004,YR2004,47291610
Afrique du Sud,ZAF,2006,YR2006,48489464
Afrique du Sud,ZAF,2007,YR2007,49119766
Afrique du Sud,ZAF,2008,YR2008,49779472
Afrique du Sud,ZAF,2009,YR2009,50477013
Afrique du Sud,ZAF,2010,YR2010,51216967
Afrique du Sud,ZAF,2011,YR2011,52003759
Soudan du Sud,SSD,2004,YR2004,7213354
Soudan du Sud,SSD,2006,YR2006,7907407
Soudan du Sud,SSD,2007,YR2007,8315144
Soudan du Sud,SSD,2008,YR2008,8736932
Soudan du Sud,SSD,2009,YR2009,9142258
Soudan du Sud,SSD,2010,YR2010,9508372
Soudan du Sud,SSD,2011,YR2011,9830695
Espagne,ESP,2004,YR2004,42921895
Espagne,ESP,2006,YR2006,44397319
Espagne,ESP,2007,YR2007,45226803
Espagne,ESP,2008,YR2008,45954106
Espagne,ESP,2009,YR2009,46362946
Espagne,ESP,2010,YR2010,46576897
Espagne,ESP,2011,YR2011,46742697
Sri Lanka,LKA,2004,YR2004,19387153
Sri Lanka,LKA,2006,YR2006,19695977
Sri Lanka,LKA,2007,YR2007,19842044
Sri Lanka,LKA,2008,YR2008,19983984
Sri Lanka,LKA,2009,YR2009,20123508
Sri Lanka,LKA,2010,YR2010,20261738
Sri Lanka,LKA,2011,YR2011,20398496
Saint-Kitts-et-Nevis,KNA,2004,YR2004,46323
Saint-Kitts-et-Nevis,KNA,2006,YR2006,47333
Saint-Kitts-et-Nevis,KNA,2007,YR2007,47769
Saint-Kitts-et-Nevis,KNA,2008,YR2008,48178
Saint-Kitts-et-Nevis,KNA,2009,YR2009,48599
Saint-Kitts-et-Nevis,KNA,2010,YR2010,49011
Saint-Kitts-et-Nevis,KNA,2011,YR2011,49442
Sainte-Lucie,LCA,2004,YR2004,161821
Sainte-Lucie,LCA,2006,YR2006,165378
Sainte-Lucie,LCA,2007,YR2007,167644
Sainte-Lucie,LCA,2008,YR2008,170011
Sainte-Lucie,LCA,2009,YR2009,172223
Sainte-Lucie,LCA,2010,YR2010,174092
Sainte-Lucie,LCA,2011,YR2011,175538
Saint-Martin (fr),MAF,2004,YR2004,33187
Saint-Martin (fr),MAF,2006,YR2006,35240
Saint-Martin (fr),MAF,2007,YR2007,36138
Saint-Martin (fr),MAF,2008,YR2008,36880
Saint-Martin (fr),MAF,2009,YR2009,37380
Saint-Martin (fr),MAF,2010,YR2010,37582
Saint-Martin (fr),MAF,2011,YR2011,37451
Saint-Vincent-et-les Grenadines,VCT,2004,YR2004,108520
Saint-Vincent-et-les Grenadines,VCT,2006,YR2006,108602
Saint-Vincent-et-les Grenadines,VCT,2007,YR2007,108516
Saint-Vincent-et-les Grenadines,VCT,2008,YR2008,108401
Saint-Vincent-et-les Grenadines,VCT,2009,YR2009,108293
Saint-Vincent-et-les Grenadines,VCT,2010,YR2010,108260
Saint-Vincent-et-les Grenadines,VCT,2011,YR2011,108315
Soudan,SDN,2004,YR2004,30214189
Soudan,SDN,2006,YR2006,31661824
Soudan,SDN,2007,YR2007,32360619
Soudan,SDN,2008,YR2008,33060844
Soudan,SDN,2009,YR2009,33783779
Soudan,SDN,2010,YR2010,34545014
Soudan,SDN,2011,YR2011,35349676
Suriname,SUR,2004,YR2004,493680
Suriname,SUR,2006,YR2006,505292
Suriname,SUR,2007,YR2007,511181
Suriname,SUR,2008,YR2008,517122
Suriname,SUR,2009,YR2009,523113
Suriname,SUR,2010,YR2010,529126
Suriname,SUR,2011,YR2011,535177
Suède,SWE,2004,YR2004,8993531
Suède,SWE,2006,YR2006,9080505
Suède,SWE,2007,YR2007,9148092
Suède,SWE,2008,YR2008,9219637
Suède,SWE,2009,YR2009,9298515
Suède,SWE,2010,YR2010,9378126
Suède,SWE,2011,YR2011,9449213
Suisse,CHE,2004,YR2004,7389625
Suisse,CHE,2006,YR2006,7483934
Suisse,CHE,2007,YR2007,7551117
Suisse,CHE,2008,YR2008,7647675
Suisse,CHE,2009,YR2009,7743831
Suisse,CHE,2010,YR2010,7824909
Suisse,CHE,2011,YR2011,7912398
République arabe syrienne,SYR,2004,YR2004,17827827
République arabe syrienne,SYR,2006,YR2006,19059257
République arabe syrienne,SYR,2007,YR2007,19878257
République arabe syrienne,SYR,2008,YR2008,20664037
République arabe syrienne,SYR,2009,YR2009,21205873
République arabe syrienne,SYR,2010,YR2010,21362541
République arabe syrienne,SYR,2011,YR2011,21081814
Tadjikistan,TJK,2004,YR2004,6662391
Tadjikistan,TJK,2006,YR2006,6922590
Tadjikistan,TJK,2007,YR2007,7062667
Tadjikistan,TJK,2008,YR2008,7209924
Tadjikistan,TJK,2009,YR2009,7364752
Tadjikistan,TJK,2010,YR2010,7527397
Tadjikistan,TJK,2011,YR2011,7697507
Tanzanie,TZA,2004,YR2004,37379766
Tanzanie,TZA,2006,YR2006,39548666
Tanzanie,TZA,2007,YR2007,40681416
Tanzanie,TZA,2008,YR2008,41853944
Tanzanie,TZA,2009,YR2009,43073830
Tanzanie,TZA,2010,YR2010,44346532
Tanzanie,TZA,2011,YR2011,45673520
Thaïlande,THA,2004,YR2004,64995303
Thaïlande,THA,2006,YR2006,65812540
Thaïlande,THA,2007,YR2007,66182064
Thaïlande,THA,2008,YR2008,66530980
Thaïlande,THA,2009,YR2009,66866834
Thaïlande,THA,2010,YR2010,67195032
Thaïlande,THA,2011,YR2011,67518379
Timor-Leste,TLS,2004,YR2004,971889
Timor-Leste,TLS,2006,YR2006,1016437
Timor-Leste,TLS,2007,YR2007,1036388
Timor-Leste,TLS,2008,YR2008,1055428
Timor-Leste,TLS,2009,YR2009,1074286
Timor-Leste,TLS,2010,YR2010,1093517
Timor-Leste,TLS,2011,YR2011,1113154
Togo,TGO,2004,YR2004,5467770
Togo,TGO,2006,YR2006,5762881
Togo,TGO,2007,YR2007,5920360
Togo,TGO,2008,YR2008,6083417
Togo,TGO,2009,YR2009,6250840
Togo,TGO,2010,YR2010,6421674
Togo,TGO,2011,YR2011,6595939
Tonga,TON,2004,YR2004,100214
Tonga,TON,2006,YR2006,101714
Tonga,TON,2007,YR2007,102577
Tonga,TON,2008,YR2008,103384
Tonga,TON,2009,YR2009,103897
Tonga,TON,2010,YR2010,103981
Tonga,TON,2011,YR2011,103558
Trinité-et-Tobago,TTO,2004,YR2004,1290115
Trinité-et-Tobago,TTO,2006,YR2006,1302552
Trinité-et-Tobago,TTO,2007,YR2007,1308450
Trinité-et-Tobago,TTO,2008,YR2008,1314449
Trinité-et-Tobago,TTO,2009,YR2009,1320921
Trinité-et-Tobago,TTO,2010,YR2010,1328144
Trinité-et-Tobago,TTO,2011,YR2011,1336180
Tunisie,TUN,2004,YR2004,10022278
Tunisie,TUN,2006,YR2006,10201211
Tunisie,TUN,2007,YR2007,10304729
Tunisie,TUN,2008,YR2008,10414425
Tunisie,TUN,2009,YR2009,10525691
Tunisie,TUN,2010,YR2010,10635245
Tunisie,TUN,2011,YR2011,10741872
Turquie,TUR,2004,YR2004,67010930
Turquie,TUR,2006,YR2006,68756809
Turquie,TUR,2007,YR2007,69581854
Turquie,TUR,2008,YR2008,70418612
Turquie,TUR,2009,YR2009,71321406
Turquie,TUR,2010,YR2010,72326992
Turquie,TUR,2011,YR2011,73443254
Turkménistan,TKM,2004,YR2004,4703396
Turkménistan,TKM,2006,YR2006,4810114
Turkménistan,TKM,2007,YR2007,4870142
Turkménistan,TKM,2008,YR2008,4935765
Turkménistan,TKM,2009,YR2009,5007953
Turkménistan,TKM,2010,YR2010,5087211
Turkménistan,TKM,2011,YR2011,5174076
Îles Turques-et-Caïques,TCA,2004,YR2004,26709
Îles Turques-et-Caïques,TCA,2006,YR2006,29394
Îles Turques-et-Caïques,TCA,2007,YR2007,30383
Îles Turques-et-Caïques,TCA,2008,YR2008,31200
Îles Turques-et-Caïques,TCA,2009,YR2009,31933
Îles Turques-et-Caïques,TCA,2010,YR2010,32658
Îles Turques-et-Caïques,TCA,2011,YR2011,33371
Tuvalu,TUV,2004,YR2004,9871
Tuvalu,TUV,2006,YR2006,10118
Tuvalu,TUV,2007,YR2007,10219
Tuvalu,TUV,2008,YR2008,10315
Tuvalu,TUV,2009,YR2009,10413
Tuvalu,TUV,2010,YR2010,10521
Tuvalu,TUV,2011,YR2011,10626
Ouganda,UGA,2004,YR2004,26821300
Ouganda,UGA,2006,YR2006,28571475
Ouganda,UGA,2007,YR2007,29486335
Ouganda,UGA,2008,YR2008,30431734
Ouganda,UGA,2009,YR2009,31411096
Ouganda,UGA,2010,YR2010,32428164
Ouganda,UGA,2011,YR2011,33476772
Ukraine,UKR,2004,YR2004,47451626
Ukraine,UKR,2006,YR2006,46787786
Ukraine,UKR,2007,YR2007,46509355
Ukraine,UKR,2008,YR2008,46258189
Ukraine,UKR,2009,YR2009,46053331
Ukraine,UKR,2010,YR2010,45870741
Ukraine,UKR,2011,YR2011,45706086
Émirats arabes unis,ARE,2004,YR2004,4068577
Émirats arabes unis,ARE,2006,YR2006,5300172
Émirats arabes unis,ARE,2007,YR2007,6168846
Émirats arabes unis,ARE,2008,YR2008,7089486
Émirats arabes unis,ARE,2009,YR2009,7917368
Émirats arabes unis,ARE,2010,YR2010,8549998
Émirats arabes unis,ARE,2011,YR2011,8946778
Royaume-Uni,GBR,2004,YR2004,59987905
Royaume-Uni,GBR,2006,YR2006,60846820
Royaume-Uni,GBR,2007,YR2007,61322463
Royaume-Uni,GBR,2008,YR2008,61806995
Royaume-Uni,GBR,2009,YR2009,62276270
Royaume-Uni,GBR,2010,YR2010,62766365
Royaume-Uni,GBR,2011,YR2011,63258810
États-Unis,USA,2004,YR2004,292805298
États-Unis,USA,2006,YR2006,298379912
États-Unis,USA,2007,YR2007,301231207
États-Unis,USA,2008,YR2008,304093966
États-Unis,USA,2009,YR2009,306771529
États-Unis,USA,2010,YR2010,309327143
États-Unis,USA,2011,YR2011,311583481
Uruguay,URY,2004,YR2004,3321486
Uruguay,URY,2006,YR2006,3325403
Uruguay,URY,2007,YR2007,3331753
Uruguay,URY,2008,YR2008,3340221
Uruguay,URY,2009,YR2009,3349676
Uruguay,URY,2010,YR2010,3359273
Uruguay,URY,2011,YR2011,3368926
Ouzbékistan,UZB,2004,YR2004,25864350
Ouzbékistan,UZB,2006,YR2006,26488250
Ouzbékistan,UZB,2007,YR2007,26868000
Ouzbékistan,UZB,2008,YR2008,27302800
Ouzbékistan,UZB,2009,YR2009,27767400
Ouzbékistan,UZB,2010,YR2010,28562400
Ouzbékistan,UZB,2011,YR2011,29339400
Vanuatu,VUT,2004,YR2004,204123
Vanuatu,VUT,2006,YR2006,214379
Vanuatu,VUT,2007,YR2007,219464
Vanuatu,VUT,2008,YR2008,224700
Vanuatu,VUT,2009,YR2009,230244
Vanuatu,VUT,2010,YR2010,236216
Vanuatu,VUT,2011,YR2011,242658
Venezuela,VEN,2004,YR2004,25996594
Venezuela,VEN,2006,YR2006,26850190
Venezuela,VEN,2007,YR2007,27247601
Venezuela,VEN,2008,YR2008,27635827
Venezuela,VEN,2009,YR2009,28031010
Venezuela,VEN,2010,YR2010,28439942
Venezuela,VEN,2011,YR2011,28887873
Viet Nam,VNM,2004,YR2004,83062819
Viet Nam,VNM,2006,YR2006,84617545
Viet Nam,VNM,2007,YR2007,85419588
Viet Nam,VNM,2008,YR2008,86243424
Viet Nam,VNM,2009,YR2009,87092250
Viet Nam,VNM,2010,YR2010,87967655
Viet Nam,VNM,2011,YR2011,88871384
Îles Vierges (EU),VIR,2004,YR2004,108466
Îles Vierges (EU),VIR,2006,YR2006,108369
Îles Vierges (EU),VIR,2007,YR2007,108337
Îles Vierges (EU),VIR,2008,YR2008,108397
Îles Vierges (EU),VIR,2009,YR2009,108404
Îles Vierges (EU),VIR,2010,YR2010,108357
Îles Vierges (EU),VIR,2011,YR2011,108290
Cisjordanie et Gaza,PSE,2004,YR2004,3236626
Cisjordanie et Gaza,PSE,2006,YR2006,3406334
Cisjordanie et Gaza,PSE,2007,YR2007,3494496
Cisjordanie et Gaza,PSE,2008,YR2008,3591977
Cisjordanie et Gaza,PSE,2009,YR2009,3689099
Cisjordanie et Gaza,PSE,2010,YR2010,3786161
Cisjordanie et Gaza,PSE,2011,YR2011,3882986
"Yémen, Rép. du",YEM,2004,YR2004,19540096
"Yémen, Rép. du",YEM,2006,YR2006,20687648
"Yémen, Rép. du",YEM,2007,YR2007,21282514
"Yémen, Rép. du",YEM,2008,YR2008,21892149
"Yémen, Rép. du",YEM,2009,YR2009,22516464
"Yémen, Rép. du",YEM,2010,YR2010,23154854
"Yémen, Rép. du",YEM,2011,YR2011,23807586
Zambie,ZMB,2004,YR2004,11550641
Zambie,ZMB,2006,YR2006,12173518
Zambie,ZMB,2007,YR2007,12502958
Zambie,ZMB,2008,YR2008,12848531
Zambie,ZMB,2009,YR2009,13215142
Zambie,ZMB,2010,YR2010,13605986
Zambie,ZMB,2011,YR2011,14023199
Zimbabwe,ZWE,2004,YR2004,12019911
Zimbabwe,ZWE,2006,YR2006,12155496
Zimbabwe,ZWE,2007,YR2007,12255920
Zimbabwe,ZWE,2008,YR2008,12379553
Zimbabwe,ZWE,2009,YR2009,12526964
Zimbabwe,ZWE,2010,YR2010,12697728
Zimbabwe,ZWE,2011,YR2011,12894323